;labels;valores
0;Resistencia;[2515.75713729]
1;Condutancia;[0.00039749]
2;Coef. Linear;-0.004101471924441981
