Resistencia;Condutancia;VG;Coef. Linear RES
5.541728160557613;0.1804491254402091;-0.199773666;-0.0957561865928436
