Resistencia;Condutancia;VG;Coef. Linear RES
9120.889299944269;0.00010963843185840555;0.5715276690000001;0.006179332602873792
