;labels;valores
0;Resistencia;[2987.09133007]
1;Condutancia;[0.00033477]
2;Coef. Linear;-0.0024331010704303495
