;labels;valores
0;Resistencia;[2433.51141688]
1;Condutancia;[0.00041093]
2;Coef. Linear;-0.002018897268171915
