Resistencia;Condutancia;VG;Coef. Linear
9885.360460888825;0.0001011596900240992;0.206457381;0.014922834193431093
