Resistencia;Condutancia;VG;Coef. Linear
9841.371742612246;0.00010161185108678406;-0.03183249490000001;0.014932290755054036
