;labels;valores
0;Resistencia;[1641.91041602]
1;Condutancia;[0.00060905]
2;Coef. Linear;-0.0026894146469915105
