Resistencia;Condutancia;VG;Coef. Linear
9871.514841972168;0.00010130157488576659;0.6989299515000001;0.015396126837130675
