Resistencia;Condutancia;VG;Coef. Linear
9910.286703263324;0.00010090525430214985;0.5583531875;0.014514467930110112
