Resistencia;Condutancia;VG;Coef. Linear
9919.129182096216;0.00010081530158967739;-0.1915523455;0.01570662455932459
