;labels;valores
0;Resistencia;[3073.50697785]
1;Condutancia;[0.00032536]
2;Coef. Linear;-0.002485087372420802
