Resistencia;Condutancia;VG;Coef. Linear RES
3336.614249993176;0.000299705007854008;-0.20374460599999997;-0.002552481238687541
