Resistencia;Condutancia;VG;Coef. Linear
9845.649815486462;0.00010156769931295704;-0.05109330085000001;0.015165490868783193
