;labels;valores
0;Resistencia;[1345.3823538]
1;Condutancia;[0.00074328]
2;Coef. Linear;-0.0029968954600631927
