Resistencia;Condutancia;VG;Coef. Linear
9859.9774321924;0.00010142011042895933;0.5400243175;0.015414130526379395
