Resistencia;Condutancia;VG;Coef. Linear RES
2915.193865652989;0.0003430303595867388;-0.003965344464;-0.0011492744494109393
