Resistencia;Condutancia;VG;Coef. Linear
9872.80144932747;0.00010128837343002776;0.30208073450000006;0.014970494750073176
