Resistencia;Condutancia;VG;Coef. Linear
9911.240018548;0.00010089554870314808;0.5996885590000001;0.015819944810798434
