Resistencia;Condutancia;VG;Coef. Linear
9856.225185922409;0.00010145872087300668;0.36372116299999996;0.01549875486095069
