Resistencia;Condutancia;VG;Coef. Linear RES
3847.825216657374;0.0002598870644308281;-0.20368105199999997;0.0016409505372265625
