Resistencia;Condutancia;VG;Coef. Linear
9856.627338045702;0.00010145458133940899;0.3202173545;0.015339044773038773
