Resistencia;Condutancia;VG;Coef. Linear
9861.627811931807;0.00010140313739990038;0.46196271799999994;0.015234315535969718
