Resistencia;Condutancia;VG;Coef. Linear
9859.457475844505;0.00010142545900217959;0.578604931;0.015065619159678408
