;labels;valores
0;Resistencia;[1817.77574639]
1;Condutancia;[0.00055012]
2;Coef. Linear;-0.002302047075548306
