Resistencia;Condutancia;VG;Coef. Linear RES
70160.87948147263;1.4252957023779467e-05;-0.00418619077;0.0035130388515821924
