Resistencia;Condutancia;VG;Coef. Linear
9814.818968696187;0.00010188674933174456;0.7185504760000001;0.014945179463128419
