Resistencia;Condutancia;VG;Coef. Linear RES
5271.436445397126;0.00018970161366038525;0.195949986;0.0017409598676559241
