;labels;valores
0;Resistencia;[2600.57928621]
1;Condutancia;[0.00038453]
2;Coef. Linear;-0.004057231525017415
