;labels;valores
0;Resistencia;[1572.8369176]
1;Condutancia;[0.00063579]
2;Coef. Linear;-0.002237588323639071
