Resistencia;Condutancia;VG;Coef. Linear
9799.75421007728;0.00010204337563606241;0.10437303355;0.014580709843433457
