Resistencia;Condutancia;VG;Coef. Linear
9909.488990178032;0.0001009133771671948;-0.1376845485;0.014981739227255797
