;labels;valores
0;Resistencia;[2470.97297374]
1;Condutancia;[0.0004047]
2;Coef. Linear;-0.003919666345610228
