Resistencia;Condutancia;VG;Coef. Linear
9839.995675019074;0.00010162606092792429;0.28585596100000005;0.015050919381573888
