Resistencia;Condutancia;VG;Coef. Linear
9831.273756464849;0.0001017162195633521;0.6827068415000002;0.014816751177374856
