Resistencia;Condutancia;VG;Coef. Linear RES
9352.830551390141;0.00010691950362036301;0.42986891349999995;-0.012964067675418587
