Resistencia;Condutancia;VG;Coef. Linear RES
4775.896252283246;0.00020938478291313866;-0.00394295433;-0.006292609275850486
