Resistencia;Condutancia;VG;Coef. Linear
9878.216745908887;0.00010123284654734418;-0.04848549715;0.01519002740093823
