Resistencia;Condutancia;VG;Coef. Linear
9854.202998752371;0.00010147954128067067;0.01894135625;0.015280090640233371
