Resistencia;Condutancia;VG;Coef. Linear
9853.36378072483;0.000101488184365648;0.7623832074999999;0.01473200605809571
