Resistencia;Condutancia;VG;Coef. Linear
9854.594493692915;0.00010147550978784715;0.741470494;0.014857383905988376
