Resistencia;Condutancia;VG;Coef. Linear RES
29.283339707452;0.034149110381201525;0.190055523;0.09738431307738318
