Resistencia;Condutancia;VG;Coef. Linear
9834.23381171332;0.00010168560348940697;0.508110171;0.014261920285318887
