Resistencia;Condutancia;VG;Coef. Linear
9873.183038281873;0.00010128445873257299;0.6986159150000001;0.016755869553615677
