Resistencia;Condutancia;VG;Coef. Linear
9892.249755202107;0.00010108923902513915;-0.174770869;0.015025341428184062
