Resistencia;Condutancia;VG;Coef. Linear
9907.903979520488;0.00010092952072072835;0.397376333;0.016204277413449212
