;labels;valores
0;Resistencia;[2975.21705858]
1;Condutancia;[0.00033611]
2;Coef. Linear;-0.002333584572394663
