Resistencia;Condutancia;VG;Coef. Linear RES
3520.294457425379;0.0002840671461135002;0.09549932920000001;-0.0021022212378063645
