Resistencia;Condutancia;VG;Coef. Linear
9860.55097035599;0.0001014142113362959;0.19023447649999997;0.01517096832553141
