Resistencia;Condutancia;VG;Coef. Linear
9844.449933514763;0.00010158007880110881;0.38116743649999996;0.015223505945026982
