Resistencia;Condutancia;VG;Coef. Linear
9888.366184083172;0.00010112894095787553;0.14320270200000002;0.015303192606477035
