Resistencia;Condutancia;VG;Coef. Linear
9908.212106111818;0.00010092638200419189;0.7619409249999999;0.014887613536513808
