;labels;valores
0;Resistencia;[1539.01806148]
1;Condutancia;[0.00064976]
2;Coef. Linear;-0.0030566590113470333
