Resistencia;Condutancia;VG;Coef. Linear
9848.336278198414;0.00010153999333001382;-0.032034009450000005;0.015170508122804524
