Resistencia;Condutancia;VG;Coef. Linear
9837.052003280194;0.00010165647184405928;-0.158048996;0.014688996637637546
