;labels;valores
0;Resistencia;[2164.98064752]
1;Condutancia;[0.0004619]
2;Coef. Linear;-0.004020685513716363
