Resistencia;Condutancia;VG;Coef. Linear
9860.05301597063;0.00010141933297724356;0.34783702200000005;0.014983905602127383
