Resistencia;Condutancia;VG;Coef. Linear
9877.851836711392;0.00010123658630750707;0.7403656060000001;0.015553409868094028
