Resistencia;Condutancia;VG;Coef. Linear
9847.147728283428;0.00010155224919879634;0.4808721777;0.01640836406287625
