Resistencia;Condutancia;VG;Coef. Linear
9880.65459732902;0.00010120786939261334;0.4008396685;0.01471739581866487
