Resistencia;Condutancia;VG;Coef. Linear RES
9468.930612687296;0.00010560854661455784;0.5094245570000001;-0.0009096684233557792
