Resistencia;Condutancia;VG;Coef. Linear
9816.783826436058;0.00010186635640351528;0.6196790140000001;0.014316048064628117
