;labels;valores
0;Resistencia;[2932.24261349]
1;Condutancia;[0.00034104]
2;Coef. Linear;-0.003699216952487167
