;labels;valores
0;Resistencia;[1976.20004274]
1;Condutancia;[0.00050602]
2;Coef. Linear;-0.0037867816707302755
