Resistencia;Condutancia;VG;Coef. Linear
9847.609227400539;0.00010154749004637025;0.3475350045000001;0.014823553767135239
