;labels;valores
0;Resistencia;[998.01743152]
1;Condutancia;[0.00100199]
2;Coef. Linear;0.0002864280139295336
