Resistencia;Condutancia;VG;Coef. Linear
9870.279642897509;0.00010131425209614841;0.06353003885000001;0.015239484795505057
