Resistencia;Condutancia;VG;Coef. Linear
9860.08288202139;0.00010141902577952698;-0.03176868760000001;0.014847721805955965
