Resistencia;Condutancia;VG;Coef. Linear RES
6114.678065616427;0.00016354090751287802;0.19584464199999999;0.0016608368205871776
