Resistencia;Condutancia;VG;Coef. Linear
9910.374970507974;0.0001009043555845136;0.42325459849999997;0.015125273659629486
