Resistencia;Condutancia;VG;Coef. Linear
9868.063800252625;0.00010133700189234688;0.2396027225;0.015060725208098187
