;labels;valores
0;Resistencia;[1373.54727305]
1;Condutancia;[0.00072804]
2;Coef. Linear;-0.002564366251477396
