;labels;valores
0;Resistencia;[836.34143322]
1;Condutancia;[0.00119568]
2;Coef. Linear;-0.004553700471685126
