;labels;valores
0;Resistencia;[2013.22990463]
1;Condutancia;[0.00049671]
2;Coef. Linear;-0.008156197236117933
