Resistencia;Condutancia;VG;Coef. Linear RES
35.62500057022177;0.028070174989298948;-0.003982023819999999;0.0013391775764503662
