Resistencia;Condutancia;VG;Coef. Linear RES
70383.22357751631;1.42079312252394e-05;-0.20523410250000002;0.0036575790204427068
