Resistencia;Condutancia;VG;Coef. Linear
9867.676966415629;0.0001013409745174546;0.641046162;0.014974177734003405
