;labels;valores
0;Resistencia;[2893.44835755]
1;Condutancia;[0.00034561]
2;Coef. Linear;-0.002544939377344401
