;labels;valores
0;Resistencia;[2512.77504235]
1;Condutancia;[0.00039797]
2;Coef. Linear;-0.003651291896525412
