Resistencia;Condutancia;VG;Coef. Linear
9889.493755783664;0.00010111741052621333;0.4284688785000001;0.014431113970069354
