Resistencia;Condutancia;VG;Coef. Linear RES
5420.394442453236;0.00018448841880728636;0.790017292;0.002821512079131068
