Resistencia;Condutancia;VG;Coef. Linear RES
9497.814399318266;0.00010528738064957113;0.49323047200000003;-0.004126456693688343
