Resistencia;Condutancia;VG;Coef. Linear RES
42.46722102573986;0.02354757330115594;0.19078049100000002;0.09670956327799238
