Resistencia;Condutancia;VG;Coef. Linear RES
7984.795442294189;0.0001252380235945882;0.6513923889999998;0.008498105530011747
