;labels;valores
0;Resistencia;[1975.05790804]
1;Condutancia;[0.00050631]
2;Coef. Linear;-0.003476910256419679
