Resistencia;Condutancia;VG;Coef. Linear RES
3937.1987071486583;0.0002539876888063406;-0.20368259849999995;0.0014915450095734377
