Resistencia;Condutancia;VG;Coef. Linear
9855.473956628959;0.0001014664545206761;0.06345963485000002;0.015903608376345267
