Resistencia;Condutancia;VG;Coef. Linear
9875.139186072907;0.00010126439548419921;0.167791544;0.01465584084689089
