Resistencia;Condutancia;VG;Coef. Linear RES
3127.5672614835908;0.0003197373282151702;0.0319066154;-0.0014573401152732659
