Resistencia;Condutancia;VG;Coef. Linear
9863.870165118076;0.00010138008542897618;0.1430097865;0.014341560790391282
