Resistencia;Condutancia;VG;Coef. Linear
9900.957257032593;0.00010100033502212181;0.23729502385799997;0.015263852567505053
