Resistencia;Condutancia;VG;Coef. Linear
9885.496591608227;0.00010115829697912166;0.508101418;0.015199339068928928
