;labels;valores
0;Resistencia;[2843.6926489]
1;Condutancia;[0.00035166]
2;Coef. Linear;-0.0028826805882408648
