;labels;valores
0;Resistencia;[1716.37883833]
1;Condutancia;[0.00058262]
2;Coef. Linear;-0.003625098389669782
