;labels;valores
0;Resistencia;[1500.70435374]
1;Condutancia;[0.00066635]
2;Coef. Linear;-0.0030170601759196263
