Resistencia;Condutancia;VG;Coef. Linear
9887.350080761938;0.00010113933377819045;0.015709341624;0.015983383422710683
