;labels;valores
0;Resistencia;[1548.08372927]
1;Condutancia;[0.00064596]
2;Coef. Linear;-0.002158219747370307
