;labels;valores
0;Resistencia;[3063.16713301]
1;Condutancia;[0.00032646]
2;Coef. Linear;-0.003250661391213149
