Resistencia;Condutancia;VG;Coef. Linear
9888.96982061043;0.00010112276790609841;0.06347744350000001;0.015213337806227918
