Resistencia;Condutancia;VG;Coef. Linear RES
37.900343084673615;0.026384985427859792;-0.003996181864999998;0.001104501177966972
