Resistencia;Condutancia;VG;Coef. Linear
9848.569603601822;0.00010153758771571049;0.6031944785000001;0.01375803747882111
