;labels;valores
0;Resistencia;[2222.69935371]
1;Condutancia;[0.0004499]
2;Coef. Linear;-0.009611971986516447
