;labels;valores
0;Resistencia;[2555.61977291]
1;Condutancia;[0.00039129]
2;Coef. Linear;-0.002596069594683154
