Resistencia;Condutancia;VG;Coef. Linear
9856.975912904732;0.00010145099357408412;0.1267588925;0.014375104447537335
