Resistencia;Condutancia;VG;Coef. Linear
9877.484672970555;0.0001012403494521708;-0.18904329436;0.015304609567385732
