Resistencia;Condutancia;VG;Coef. Linear
9898.881344598825;0.00010102151598631241;0.48820033250000006;0.01516001602082717
