;labels;valores
0;Resistencia;[2838.72145428]
1;Condutancia;[0.00035227]
2;Coef. Linear;-0.002498830116500722
