Resistencia;Condutancia;VG;Coef. Linear RES
12.039014886361922;0.08306327464822919;0.09058696335000001;0.04802335770497368
