Resistencia;Condutancia;VG;Coef. Linear
9885.64034471712;0.00010115682597479883;0.0193219584;0.015190333018239459
