Resistencia;Condutancia;VG;Coef. Linear
9875.737158192704;0.00010125826396365977;0.046883216600000006;0.014643716193926192
