Resistencia;Condutancia;VG;Coef. Linear
9883.273521117355;0.00010118105077870444;0.0462591386;0.014725765087944053
