;labels;valores
0;Resistencia;[2601.25249657]
1;Condutancia;[0.00038443]
2;Coef. Linear;-0.0024831460659110686
