Resistencia;Condutancia;VG;Coef. Linear
9846.232503077676;0.00010156168866492093;0.7381634315;0.015326637407197394
