Resistencia;Condutancia;VG;Coef. Linear
9909.81655586607;0.00010091004150909885;0.04516742045;0.014963000528882804
