Resistencia;Condutancia;VG;Coef. Linear
9846.938942831135;0.00010155440241944729;-0.1134328715;0.014417515045694619
