Resistencia;Condutancia;VG;Coef. Linear
9924.90813336301;0.00010075660011788488;0.7610405739999999;0.015684404165569873
