Resistencia;Condutancia;VG;Coef. Linear
9887.672715935085;0.00010113603359751064;0.42558025799999993;0.014945506271353604
