Resistencia;Condutancia;VG;Coef. Linear
9872.415062790747;0.00010129233765393558;0.5399358144999999;0.015211339309663044
