Resistencia;Condutancia;VG;Coef. Linear
9903.624758914406;0.00010097313098417674;0.6828605965000002;0.014960350418628728
