;labels;valores
0;Resistencia;[1746.21276114]
1;Condutancia;[0.00057267]
2;Coef. Linear;-0.003022211659079071
