;labels;valores
0;Resistencia;[1624.92985295]
1;Condutancia;[0.00061541]
2;Coef. Linear;-0.0034284492796954873
