Resistencia;Condutancia;VG;Coef. Linear RES
6047.930130797765;0.000165345825492877;0.7469669385;0.004270587214653649
