Resistencia;Condutancia;VG;Coef. Linear
9839.46606414454;0.00010163153096731999;0.31896511799999994;0.01620671867768557
