Resistencia;Condutancia;VG;Coef. Linear
9876.60129748812;0.00010124940451472172;-0.031845859000000004;0.015334010680503217
