Resistencia;Condutancia;VG;Coef. Linear RES
8318.909301397542;0.00012020806619829408;0.625914381;0.00868266225007664
