Resistencia;Condutancia;VG;Coef. Linear
9866.3040577547;0.0001013550762419512;0.319975055;0.014463433446999881
