;labels;valores
0;Resistencia;[2214.1259123]
1;Condutancia;[0.00045165]
2;Coef. Linear;-0.002161189713501925
