Resistencia;Condutancia;VG;Coef. Linear RES
0.5871434894614291;1.7031611828264892;-0.0039837446849999986;4.547822637270526e-06
