Resistencia;Condutancia;VG;Coef. Linear
9857.444352371785;0.000101446172481754;0.6989756650000002;0.014740132405089127
