;labels;valores
0;Resistencia;[1347.83753395]
1;Condutancia;[0.00074193]
2;Coef. Linear;-0.02871797165835681
