Resistencia;Condutancia;VG;Coef. Linear RES
4931.026685548399;0.0002027975234712781;0.8279202164999998;0.0019037697103888387
