Resistencia;Condutancia;VG;Coef. Linear
9886.98983108127;0.00010114301896582785;0.7427783155;0.01540414196581366
