Resistencia;Condutancia;VG;Coef. Linear
9882.170984122515;0.00010119233937630506;0.786196286;0.014166898448208546
