;labels;valores
0;Resistencia;[1198.78135085]
1;Condutancia;[0.00083418]
2;Coef. Linear;-0.0024063601313742424
