Resistencia;Condutancia;VG;Coef. Linear
9855.568961958214;0.00010146547640830559;0.0800165396;0.015108373097140526
