Resistencia;Condutancia;VG;Coef. Linear RES
3377.80491306264;0.00029605025326738147;0.076756951;-0.0018253300619671586
