;labels;valores
0;Resistencia;[2046.92618923]
1;Condutancia;[0.00048854]
2;Coef. Linear;-0.0030641969915081993
