Resistencia;Condutancia;VG;Coef. Linear RES
4972.575579773963;0.00020110302678304524;-0.003989366844999999;0.0010357130927768226
