;labels;valores
0;Resistencia;[3091.17350407]
1;Condutancia;[0.0003235]
2;Coef. Linear;-0.0027773152831962362
