;labels;valores
0;Resistencia;[10028.77342961]
1;Condutancia;[9.97130912e-05]
2;Coef. Linear;0.0016444444039907095
FAIL
