Resistencia;Condutancia;VG;Coef. Linear RES
5451.286202347864;0.00018344294591784614;-0.20368571649999995;0.0013685190361878172
