;labels;valores
0;Resistencia;[1545.63286468]
1;Condutancia;[0.00064698]
2;Coef. Linear;-0.0027547984024200675
