Resistencia;Condutancia;VG;Coef. Linear
9815.77333625844;0.00010187684309152744;0.3812661889999999;0.014308309154623469
