Resistencia;Condutancia;VG;Coef. Linear
9862.872151183388;0.0001013903439760208;-0.2151337245;0.01465667418093879
