;labels;valores
0;Resistencia;[2709.73730089]
1;Condutancia;[0.00036904]
2;Coef. Linear;-0.009374236778868863
