;labels;valores
0;Resistencia;[3115.0859149]
1;Condutancia;[0.00032102]
2;Coef. Linear;-0.003002080971952515
