Resistencia;Condutancia;VG;Coef. Linear RES
6067.988701293709;0.00016479925214540986;-0.0038819969150000002;0.0015387100063129404
