Resistencia;Condutancia;VG;Coef. Linear
9857.41570289118;0.00010144646732375302;-0.194624699;0.01572944157779873
