Resistencia;Condutancia;VG;Coef. Linear
9852.455906681475;0.00010149753619519848;0.4448352705;0.015313773437601947
