Resistencia;Condutancia;VG;Coef. Linear
9829.006148074392;0.00010173968608168088;0.3020725815;0.014483279410193426
