;labels;valores
0;Resistencia;[1956.81137711]
1;Condutancia;[0.00051104]
2;Coef. Linear;-0.004422174380046494
