Resistencia;Condutancia;VG;Coef. Linear
9922.91922297272;0.00010077679536933879;0.3811674295;0.014652706986471633
