;labels;valores
0;Resistencia;[1021.52301559]
1;Condutancia;[0.00097893]
2;Coef. Linear;-0.005975254344543431
