Resistencia;Condutancia;VG;Coef. Linear
9904.291631403146;0.00010096633229471348;0.041037253682;0.015458782892129371
