Resistencia;Condutancia;VG;Coef. Linear RES
3847.8471076735354;0.0002598855858918507;0.1344524;-0.00266856662009316
