Resistencia;Condutancia;VG;Coef. Linear
9889.138699918918;0.00010112104100716062;0.30136395850000003;0.015749966696275437
