Resistencia;Condutancia;VG;Coef. Linear
9862.933529520516;0.00010138971301052809;0.5563640919999999;0.015569773125813589
