Resistencia;Condutancia;VG;Coef. Linear RES
4547.716006878957;0.00021989059969606325;0.8652323214999998;0.001278078240268065
