;labels;valores
0;Resistencia;[2634.70165741]
1;Condutancia;[0.00037955]
2;Coef. Linear;-0.0035357790592711507
