;labels;valores
0;Resistencia;[1216.34040174]
1;Condutancia;[0.00082214]
2;Coef. Linear;-0.000648875048403751
