Resistencia;Condutancia;VG;Coef. Linear
9840.903369447757;0.0001016166872550154;0.6457115495000001;0.014236859262255434
