Resistencia;Condutancia;VG;Coef. Linear
9860.04110528773;0.00010141945548925971;-0.11306652550000001;0.015417904952551622
