;labels;valores
0;Resistencia;[2594.33711148]
1;Condutancia;[0.00038545]
2;Coef. Linear;-0.00241290025135821
