Resistencia;Condutancia;VG;Coef. Linear RES
30.23339929206268;0.033076002811980684;0.190395577;0.0973812750543133
