;labels;valores
0;Resistencia;[1416.30513234]
1;Condutancia;[0.00070606]
2;Coef. Linear;-0.0030465520072389504
