Resistencia;Condutancia;VG;Coef. Linear
9851.37331386933;0.00010150869002113061;0.28583245300000004;0.014721724270953274
