Resistencia;Condutancia;VG;Coef. Linear
9806.985146544888;0.00010196813649221354;0.700718997;0.014676932623248963
