;labels;valores
0;Resistencia;[2428.16670537]
1;Condutancia;[0.00041183]
2;Coef. Linear;-0.004069377332286931
