Resistencia;Condutancia;VG;Coef. Linear RES
5290.701557132455;0.0001890108503005407;-0.20369552749999995;0.0015066362865568052
