Resistencia;Condutancia;VG;Coef. Linear
9861.37305133634;0.00010140575706792548;0.206446846;0.01432690373138804
