;labels;valores
0;Resistencia;[2200.42670963]
1;Condutancia;[0.00045446]
2;Coef. Linear;-0.0023297002029654674
