;labels;valores
0;Resistencia;[496.34444832]
1;Condutancia;[0.00201473]
2;Coef. Linear;0.0007151750144139641
