;labels;valores
0;Resistencia;[1101.66815688]
1;Condutancia;[0.00090771]
2;Coef. Linear;-0.01721309049524935
