;labels;valores
0;Resistencia;[2365.90084643]
1;Condutancia;[0.00042267]
2;Coef. Linear;-0.004011357766559218
