Resistencia;Condutancia;VG;Coef. Linear
9918.863537141206;0.00010081800160426624;0.12433900522999998;0.01545642746518054
