;labels;valores
0;Resistencia;[1012.96236244]
1;Condutancia;[0.0009872]
2;Coef. Linear;-0.004458897459184667
