;labels;valores
0;Resistencia;[2949.33508488]
1;Condutancia;[0.00033906]
2;Coef. Linear;-0.0037354936055067965
