Resistencia;Condutancia;VG;Coef. Linear RES
5091.12462151303;0.00019642025570821919;0.223955738;-0.005523538156802296
