;labels;valores
0;Resistencia;[1491.33866734]
1;Condutancia;[0.00067054]
2;Coef. Linear;-0.0033043476229201118
