;labels;valores
0;Resistencia;[1308.09594649]
1;Condutancia;[0.00076447]
2;Coef. Linear;-0.0024874572449636884
