;labels;valores
0;Resistencia;[2204.57462068]
1;Condutancia;[0.0004536]
2;Coef. Linear;-0.0034665440034032345
