Resistencia;Condutancia;VG;Coef. Linear
9862.499157955794;0.00010139417849210449;0.44488062750000007;0.013511934716327346
