Resistencia;Condutancia;VG;Coef. Linear
9905.49174104028;0.00010095409961898363;0.2064465305;0.015436525508854448
