Resistencia;Condutancia;VG;Coef. Linear
9864.662267481535;0.00010137194491659994;-0.01567061205;0.016068361640257378
