;labels;valores
0;Resistencia;[2050.90952891]
1;Condutancia;[0.00048759]
2;Coef. Linear;-0.007276622962865741
