;labels;valores
0;Resistencia;[2940.57157038]
1;Condutancia;[0.00034007]
2;Coef. Linear;-0.0034221044607886594
