Resistencia;Condutancia;VG;Coef. Linear
9881.64592716524;0.00010119771618723351;0.48896313750000003;0.014147257212815055
