;labels;valores
0;Resistencia;[2309.86309809]
1;Condutancia;[0.00043293]
2;Coef. Linear;-0.0021087441186023745
