Resistencia;Condutancia;VG;Coef. Linear
9860.424576816222;0.00010141551129057817;0.28564093250000006;0.01540976680576818
