;labels;valores
0;Resistencia;[1482.48758589]
1;Condutancia;[0.00067454]
2;Coef. Linear;-0.0026048864931497353
