Resistencia;Condutancia;VG;Coef. Linear RES
9491.169432688366;0.00010536109455131187;0.469599968;-0.007312453841682429
