Resistencia;Condutancia;VG;Coef. Linear
9867.643957023602;0.00010134131352481754;0.3811708534999999;0.014995866853070675
