Resistencia;Condutancia;VG;Coef. Linear RES
4731.835378174582;0.00021133448653189914;0.196241061;0.0016885656949429484
