Resistencia;Condutancia;VG;Coef. Linear
9813.654237802823;0.00010189884173297406;-0.015859992050000004;0.01524606688806787
