Resistencia;Condutancia;VG;Coef. Linear RES
1.0205460404855335;0.9798676006074566;-0.19899921049999997;-0.09580001905749877
