;labels;valores
0;Resistencia;[1259.56864895]
1;Condutancia;[0.00079392]
2;Coef. Linear;-0.005381594739417043
