;labels;valores
0;Resistencia;[1924.98554975]
1;Condutancia;[0.00051948]
2;Coef. Linear;-0.004327435862928239
