;labels;valores
0;Resistencia;[1568.93158304]
1;Condutancia;[0.00063738]
2;Coef. Linear;-0.00259185597760321
