Resistencia;Condutancia;VG;Coef. Linear RES
6418.111126345054;0.00015580908156843863;0.7305716985;0.0051856267318573955
