Resistencia;Condutancia;VG;Coef. Linear
9901.962290467452;0.00010099008364864131;0.37915475152999994;0.015941832519357962
