Resistencia;Condutancia;VG;Coef. Linear
9897.001928568727;0.00010104069972073016;-0.2185886005;0.014630700734906717
