Resistencia;Condutancia;VG;Coef. Linear RES
5447.058658095968;0.00018358531875064336;-0.20367861749999996;0.0013150619585907825
