;labels;valores
0;Resistencia;[3733.42244421]
1;Condutancia;[0.00026785]
2;Coef. Linear;-0.003355519173811385
