;labels;valores
0;Resistencia;[1273.19304985]
1;Condutancia;[0.00078543]
2;Coef. Linear;-0.007413545409291715
