Resistencia;Condutancia;VG;Coef. Linear
9821.309628498486;0.00010181941490759042;0.6031791645000001;0.014612214900725768
