Resistencia;Condutancia;VG;Coef. Linear
9883.105195364747;0.00010118277406062699;0.45532064681999984;0.016246296279294973
