Resistencia;Condutancia;VG;Coef. Linear
9833.819783685136;0.0001016898847037096;0.7164260585;0.015311849439054859
