;labels;valores
0;Resistencia;[912.27973352]
1;Condutancia;[0.00109616]
2;Coef. Linear;3.9100304746096876e-05
