;labels;valores
0;Resistencia;[2255.04741792]
1;Condutancia;[0.00044345]
2;Coef. Linear;-0.009717417179474169
