Resistencia;Condutancia;VG;Coef. Linear
9847.61511248763;0.00010154742936001969;0.2393900515;0.01557663578893483
