Resistencia;Condutancia;VG;Coef. Linear RES
22.020003455212617;0.04541325354621042;-0.10705685;-0.049641777608560686
