Resistencia;Condutancia;VG;Coef. Linear RES
6773.947573747486;0.00014762440794131797;-0.0035999169700000003;0.0016217193221250144
