Resistencia;Condutancia;VG;Coef. Linear
9898.783600795748;0.00010102251350555956;0.7350327175;0.01592671714601572
