;labels;valores
0;Resistencia;[1049.19823506]
1;Condutancia;[0.00095311]
2;Coef. Linear;0.00017778626742440465
PASS
