Resistencia;Condutancia;VG;Coef. Linear RES
2736.8925674056673;0.00036537787851421283;-0.0477075072;-0.0009259204217927617
