Resistencia;Condutancia;VG;Coef. Linear
9880.634178067528;0.00010120807854821134;0.18991039999999998;0.015503964266348296
