Resistencia;Condutancia;VG;Coef. Linear
9861.521273069055;0.0001014042329078488;0.5234439745;0.01505086962189806
