Resistencia;Condutancia;VG;Coef. Linear
9860.102439557966;0.00010141882461464879;0.508055158;0.015183773139524908
