Resistencia;Condutancia;VG;Coef. Linear RES
4971.300766438681;0.0002011545965496623;-0.004060290254999999;0.0010422799917693404
