Resistencia;Condutancia;VG;Coef. Linear
9862.755094247394;0.00010139154733582158;0.19031039399999997;0.01508013866045719
