Resistencia;Condutancia;VG;Coef. Linear
9871.015499278856;0.00010130669940423625;-0.1163375685;0.014535808085151085
