Resistencia;Condutancia;VG;Coef. Linear
9845.427991792876;0.0001015699876971928;0.7801622690000001;0.014898031736969224
