Resistencia;Condutancia;VG;Coef. Linear
9839.03803526327;0.00010163595225630636;-0.21796030000000002;0.015416682570049089
