Resistencia;Condutancia;VG;Coef. Linear
9843.891030150575;0.00010158584617984173;0.5079682084999999;0.01477950389731115
