Resistencia;Condutancia;VG;Coef. Linear
9880.687208682035;0.00010120753535455638;-0.13801813950000003;0.01469055327894756
