Resistencia;Condutancia;VG;Coef. Linear RES
8975.301583526929;0.00011141686891450845;0.38519177749999994;-0.016321440840703635
