;labels;valores
0;Resistencia;[1117.38853486]
1;Condutancia;[0.00089494]
2;Coef. Linear;-0.003736696808982559
