Resistencia;Condutancia;VG;Coef. Linear
9839.749114658553;0.00010162860743169474;0.0231268896;0.014239179821475953
