Resistencia;Condutancia;VG;Coef. Linear
9875.626761434823;0.00010125939590032771;-0.048195819349999995;0.01485223731232239
