;labels;valores
0;Resistencia;[880.12921229]
1;Condutancia;[0.0011362]
2;Coef. Linear;-0.0006295027921995695
