Resistencia;Condutancia;VG;Coef. Linear RES
0.030218773638980918;33.0920113419177;-0.19908119999999999;-0.0958082867500979
