Resistencia;Condutancia;VG;Coef. Linear
9843.242853459093;0.00010159253559903604;0.5581016030000001;0.01494103171121501
