Resistencia;Condutancia;VG;Coef. Linear RES
8645.746977360326;0.00011566380587109371;0.6050863084999999;0.008383967902997648
