Resistencia;Condutancia;VG;Coef. Linear RES
4972.733922635177;0.00020109662321728946;-0.0039835618099999985;0.001087705131332314
