Resistencia;Condutancia;VG;Coef. Linear
9914.300870162167;0.00010086439912365127;0.19008014699999998;0.014041769537429893
