;labels;valores
0;Resistencia;[926.02744196]
1;Condutancia;[0.00107988]
2;Coef. Linear;-0.0006580622218899886
