Resistencia;Condutancia;VG;Coef. Linear RES
37.98299125237897;0.026327573659364372;-0.003992175999999999;0.0012258959924518731
