Resistencia;Condutancia;VG;Coef. Linear
9846.715032727629;0.00010155671172327926;-0.015137029055;0.014061349728210425
