Resistencia;Condutancia;VG;Coef. Linear
9874.379827032682;0.00010127218291343637;0.2673004325;0.015222787841567581
