;labels;valores
0;Resistencia;[3121.85709397]
1;Condutancia;[0.00032032]
2;Coef. Linear;-0.0030140142615085624
