Resistencia;Condutancia;VG;Coef. Linear
9847.954043363265;0.00010154393446564875;0.34496323749999996;0.014114684784986096
