Resistencia;Condutancia;VG;Coef. Linear
9867.817047382738;0.00010133953590730912;0.6194783920000002;0.01496654221711199
