;labels;valores
0;Resistencia;[3223.10303858]
1;Condutancia;[0.00031026]
2;Coef. Linear;0.0003904889947233124
FAIL
