Resistencia;Condutancia;VG;Coef. Linear RES
5195.614840044161;0.00019247000225896274;0.19621461099999998;0.001572864153699394
