Resistencia;Condutancia;VG;Coef. Linear RES
3016.5519075523684;0.00033150432369367065;0.014844802859999999;-0.001335981935341089
