;labels;valores
0;Resistencia;[10028.65260843]
1;Condutancia;[9.97142925e-05]
2;Coef. Linear;0.0016451848031394268
FAIL
