Resistencia;Condutancia;VG;Coef. Linear
9883.199503792655;0.0001011818085445156;0.30183515850000003;0.015415807926101135
