;labels;valores
0;Resistencia;[3128.85021254]
1;Condutancia;[0.00031961]
2;Coef. Linear;-0.0031562118191122866
