Resistencia;Condutancia;VG;Coef. Linear
9872.688615482333;0.0001012895310434284;0.28210995047;0.015527214915347125
