Resistencia;Condutancia;VG;Coef. Linear RES
2857.3315389040854;0.0003499768880105333;-0.0032442659555;0.001718718265394915
