;labels;valores
0;Resistencia;[2066.49587146]
1;Condutancia;[0.00048391]
2;Coef. Linear;-0.004127627303396464
