Resistencia;Condutancia;VG;Coef. Linear
9854.464602671304;0.00010147684732957735;0.7843019655000001;0.015356029255788491
