Resistencia;Condutancia;VG;Coef. Linear
9885.271102520383;0.00010116060446182772;0.1266316685;0.015534063229167179
