Resistencia;Condutancia;VG;Coef. Linear RES
40.168315248566145;0.024895243771412497;-0.003973758689999999;0.0009260181320749212
