Resistencia;Condutancia;VG;Coef. Linear RES
3706.0729230276042;0.00026982739432527663;0.1958086865;0.0016914702748932516
