;labels;valores
0;Resistencia;[1411.59875092]
1;Condutancia;[0.00070842]
2;Coef. Linear;-0.002463892619316285
