;labels;valores
0;Resistencia;[1324.87946874]
1;Condutancia;[0.00075479]
2;Coef. Linear;-0.0026913334538981237
