Resistencia;Condutancia;VG;Coef. Linear
9851.6561705187;0.00010150577554589474;0.5240495914999999;0.014325345075329225
