;labels;valores
0;Resistencia;[1931.44183401]
1;Condutancia;[0.00051775]
2;Coef. Linear;-0.0036393827035613034
