;labels;valores
0;Resistencia;[2901.37256845]
1;Condutancia;[0.00034466]
2;Coef. Linear;-0.002310187707978766
