;labels;valores
0;Resistencia;[1300.71927913]
1;Condutancia;[0.00076881]
2;Coef. Linear;-0.002707935770969386
