Resistencia;Condutancia;VG;Coef. Linear
9897.006928671655;0.00010104064867359012;0.22235925850000002;0.01526298064275917
