Resistencia;Condutancia;VG;Coef. Linear RES
8898.925394730395;0.00011237311873545562;0.5889409434999999;0.007582243548664956
