;labels;valores
0;Resistencia;[2287.72621048]
1;Condutancia;[0.00043712]
2;Coef. Linear;-0.0024637599689536945
