Resistencia;Condutancia;VG;Coef. Linear
9862.584988777124;0.00010139329609204122;0.44481143199999995;0.014780505611801262
