;labels;valores
0;Resistencia;[2603.37954967]
1;Condutancia;[0.00038412]
2;Coef. Linear;-0.0032157953164192103
