;labels;valores
0;Resistencia;[882.00819399]
1;Condutancia;[0.00113378]
2;Coef. Linear;-0.004995078718358304
