Resistencia;Condutancia;VG;Coef. Linear
9879.468294124788;0.00010122002219438156;0.36523595649999996;0.014463737922642212
