;labels;valores
0;Resistencia;[1282.77289254]
1;Condutancia;[0.00077956]
2;Coef. Linear;-0.002845841643178447
