Resistencia;Condutancia;VG;Coef. Linear
9889.851484121134;0.00010111375298259753;-0.09530501709999999;0.014735449483492678
