;labels;valores
0;Resistencia;[2609.02838895]
1;Condutancia;[0.00038328]
2;Coef. Linear;-0.002507064353729556
