Resistencia;Condutancia;VG;Coef. Linear
9847.13838180071;0.00010155234558784921;0.42575062750000003;0.01508796906946248
