Resistencia;Condutancia;VG;Coef. Linear
9885.839434016103;0.00010115478879407127;-0.03170131630000001;0.015834952736944085
