Resistencia;Condutancia;VG;Coef. Linear
9834.024458010463;0.00010168776824481395;0.045151355250000004;0.01432841434924818
