Resistencia;Condutancia;VG;Coef. Linear
9814.118598165878;0.00010189402033381643;0.462711448;0.014351401675793716
