Resistencia;Condutancia;VG;Coef. Linear RES
5460.944648334072;0.0001831185013576474;0.25185163950000006;-0.0066823968173317025
