Resistencia;Condutancia;VG;Coef. Linear
9902.7403979652;0.00010098214835617406;0.7623718099999999;0.014797181207608154
