Resistencia;Condutancia;VG;Coef. Linear
9867.577858133394;0.00010134199236905393;0.31803469059300005;0.015289947662172275
