Resistencia;Condutancia;VG;Coef. Linear RES
4972.094984106131;0.00020112246511714158;-0.203682435;0.0010326395354412336
