Resistencia;Condutancia;VG;Coef. Linear
9866.87888981306;0.00010134917142161721;0.540110362;0.014430295252088053
