Resistencia;Condutancia;VG;Coef. Linear RES
4971.373298610831;0.00020115166171074574;0.19501838050000003;0.0010558441845383137
