;labels;valores
0;Resistencia;[1078.12072359]
1;Condutancia;[0.00092754]
2;Coef. Linear;-0.0006189338148594433
PASS
