;labels;valores
0;Resistencia;[2683.88083779]
1;Condutancia;[0.00037259]
2;Coef. Linear;-0.0020646232817553697
