;labels;valores
0;Resistencia;[1554.13509656]
1;Condutancia;[0.00064344]
2;Coef. Linear;-0.03373886687079306
