;labels;valores
0;Resistencia;[1855.94986777]
1;Condutancia;[0.00053881]
2;Coef. Linear;-0.003122433001471335
