Resistencia;Condutancia;VG;Coef. Linear RES
4972.704325294231;0.000201097820136497;-0.003994070979999999;0.0010293654244473269
