Resistencia;Condutancia;VG;Coef. Linear RES
4684.270496237195;0.00021348041297002064;-0.0028622774500000002;0.0017051067668996363
