Resistencia;Condutancia;VG;Coef. Linear
9917.994642189758;0.0001008268340603997;0.000503783858;0.015831427218144692
