Resistencia;Condutancia;VG;Coef. Linear
9889.171264776141;0.00010112070801745152;0.5199607102;0.016634974354300086
