Resistencia;Condutancia;VG;Coef. Linear
9869.769124504637;0.00010131949262290266;0.42344861050000004;0.01582472307124883
