;labels;valores
0;Resistencia;[2236.37396937]
1;Condutancia;[0.00044715]
2;Coef. Linear;-0.002105012136762202
