Resistencia;Condutancia;VG;Coef. Linear
9794.70330831264;0.00010209599704273969;-0.03177012885000001;0.014647523354340762
