Resistencia;Condutancia;VG;Coef. Linear
9934.961659303814;0.00010065464108394701;-0.15867473749999997;0.015174215151509029
