Resistencia;Condutancia;VG;Coef. Linear
9891.940443672274;0.00010109239998909263;0.2858947115;0.014910228879843928
