Resistencia;Condutancia;VG;Coef. Linear
9906.904472158645;0.00010093970349772708;-0.1371484535;0.014949973587564275
