Resistencia;Condutancia;VG;Coef. Linear
9850.521356200547;0.00010151746936425209;0.36526578049999997;0.014344787486296785
