Resistencia;Condutancia;VG;Coef. Linear RES
14.141533391293047;0.07071368940907785;-0.004214751565;0.0018280170433580378
