Resistencia;Condutancia;VG;Coef. Linear RES
4049.635249095611;0.00024693581976878686;-0.003311212898;0.0016871358419271896
