;labels;valores
0;Resistencia;[1418.79482234]
1;Condutancia;[0.00070482]
2;Coef. Linear;-0.0005007227057447753
