Resistencia;Condutancia;VG;Coef. Linear RES
9.420342381309993;0.10615325425793494;0.2863846075;0.143810341872879
