;labels;valores
0;Resistencia;[1674.58789066]
1;Condutancia;[0.00059716]
2;Coef. Linear;-0.009599271212229053
