;labels;valores
0;Resistencia;[1323.43536017]
1;Condutancia;[0.00075561]
2;Coef. Linear;-0.0031757050581981703
