Resistencia;Condutancia;VG;Coef. Linear
9869.603465372917;0.00010132119324838707;-0.048333695950000005;0.014582538329071585
