Resistencia;Condutancia;VG;Coef. Linear
9865.209281586423;0.0001013663239629915;-0.07559395265;0.016232147485451213
