;labels;valores
0;Resistencia;[2509.33894774]
1;Condutancia;[0.00039851]
2;Coef. Linear;-0.0024560737356021005
