Resistencia;Condutancia;VG;Coef. Linear
9894.089012492794;0.0001010704470858659;0.0018060232640000002;0.014410186256984338
