Resistencia;Condutancia;VG;Coef. Linear RES
4383.078110616076;0.00022815016633583157;0.8898635174999999;0.0010959240625420114
