Resistencia;Condutancia;VG;Coef. Linear
9834.42480046794;0.00010168362871130178;0.6194614205000002;0.0143450788790061
