;labels;valores
0;Resistencia;[2327.0953294]
1;Condutancia;[0.00042972]
2;Coef. Linear;-0.0037025797359150872
