Resistencia;Condutancia;VG;Coef. Linear
9858.585479508836;0.00010143443012981015;0.2691087775;0.01458999708850068
