Resistencia;Condutancia;VG;Coef. Linear
9838.916454458516;0.0001016372081853433;0.487974851;0.014099548452241486
