;labels;valores
0;Resistencia;[974.03783017]
1;Condutancia;[0.00102665]
2;Coef. Linear;-0.0006085446868153021
