Resistencia;Condutancia;VG;Coef. Linear
9899.84383086036;0.0001010116944352943;0.711493594135;0.016064917192052247
