Resistencia;Condutancia;VG;Coef. Linear RES
2657.089773776028;0.0003763516046275267;-0.06522719675000001;-0.0008404705995522807
