Resistencia;Condutancia;VG;Coef. Linear
9824.314893776474;0.00010178826827237408;-0.09511878974999999;0.014162245240958105
