Resistencia;Condutancia;VG;Coef. Linear
9847.385584985468;0.0001015497962753406;-0.11304743400000002;0.014562693657380638
