Resistencia;Condutancia;VG;Coef. Linear
9847.844017529571;0.00010154506897346856;-0.07167126475;0.014494077810963589
