;labels;valores
0;Resistencia;[1964.55722453]
1;Condutancia;[0.00050902]
2;Coef. Linear;-0.002733308634144433
