Resistencia;Condutancia;VG;Coef. Linear
9919.539231592727;0.0001008111341316239;-0.11037390475;0.015542236033014302
