;labels;valores
0;Resistencia;[1973.19950105]
1;Condutancia;[0.00050679]
2;Coef. Linear;-0.0033021350514736694
