Resistencia;Condutancia;VG;Coef. Linear
9857.614893534224;0.00010144441741743399;0.09873716815;0.015089113270264356
