Resistencia;Condutancia;VG;Coef. Linear RES
4974.150266085891;0.0002010393628069644;0.1951886425;0.0010923011334594498
