;labels;valores
0;Resistencia;[1193.88240652]
1;Condutancia;[0.0008376]
2;Coef. Linear;-0.002523035970885197
