Resistencia;Condutancia;VG;Coef. Linear RES
4972.626668873267;0.00020110096063708462;0.19529208550000002;0.0010389700748923703
