Resistencia;Condutancia;VG;Coef. Linear
9856.111911208252;0.00010145988692182075;0.020556572000000002;0.014601995456002286
