Resistencia;Condutancia;VG;Coef. Linear RES
26.95387081524009;0.03710042267601083;0.190815845;0.09740714559807749
