Resistencia;Condutancia;VG;Coef. Linear
9830.559426102836;0.00010172361069754843;-0.015509112520000002;0.014882931940923574
