;labels;valores
0;Resistencia;[1013.07352804]
1;Condutancia;[0.0009871]
2;Coef. Linear;-0.0051192123307124615
