;labels;valores
0;Resistencia;[1194.76666515]
1;Condutancia;[0.00083698]
2;Coef. Linear;-0.002585586392622824
