Resistencia;Condutancia;VG;Coef. Linear RES
5164.39545243696;0.00019363350642099316;0.195871577;0.0015728318777053563
