Resistencia;Condutancia;VG;Coef. Linear
9871.520613990551;0.00010130151565329621;0.166774102;0.014951687656642074
