Resistencia;Condutancia;VG;Coef. Linear RES
5162.389837446194;0.00019370873403367278;0.8109019120000001;0.0023035601917556405
