Resistencia;Condutancia;VG;Coef. Linear
9886.538756762739;0.00010114763362617327;0.6194571935000002;0.015184919251419973
