Resistencia;Condutancia;VG;Coef. Linear
9892.38791950336;0.00010108782713913267;0.06352158340000001;0.014802558238323157
