Resistencia;Condutancia;VG;Coef. Linear
9846.432537676454;0.00010155962539463847;-0.19132757499999997;0.014176270134568993
