Resistencia;Condutancia;VG;Coef. Linear RES
4826.222503881061;0.00020720138766827239;0.19579798699999998;0.0016442216587631213
