Resistencia;Condutancia;VG;Coef. Linear RES
4973.125999747976;0.0002010807689269641;-0.2035211505;0.001102424638753461
