;labels;valores
0;Resistencia;[2637.10682029]
1;Condutancia;[0.0003792]
2;Coef. Linear;-0.010139558258331412
