;labels;valores
0;Resistencia;[1783.66702449]
1;Condutancia;[0.00056064]
2;Coef. Linear;-0.0028425716521013056
