Resistencia;Condutancia;VG;Coef. Linear
9843.488939935905;0.00010158999579335245;0.4282549260000001;0.014591897800154659
