;labels;valores
0;Resistencia;[1159.07005011]
1;Condutancia;[0.00086276]
2;Coef. Linear;-0.0067992769243692165
PASS
