Resistencia;Condutancia;VG;Coef. Linear RES
36.3989991473258;0.02747328287661088;-0.003972924404999999;0.000583484542755994
