;labels;valores
0;Resistencia;[2715.57780177]
1;Condutancia;[0.00036825]
2;Coef. Linear;-0.002225735724690323
