;labels;valores
0;Resistencia;[2214.1320509]
1;Condutancia;[0.00045164]
2;Coef. Linear;-0.002117889354863136
