;labels;valores
0;Resistencia;[2841.39515489]
1;Condutancia;[0.00035194]
2;Coef. Linear;-0.0023754183986860328
