Resistencia;Condutancia;VG;Coef. Linear RES
4777.400675388864;0.00020931884678452334;-0.0032928189425000002;0.0016327536575276662
