;labels;valores
0;Resistencia;[1761.02495585]
1;Condutancia;[0.00056785]
2;Coef. Linear;-0.00331902877805063
