Resistencia;Condutancia;VG;Coef. Linear RES
4972.539771777778;0.00020110447495575907;-0.20409768350000002;0.0011077295480514825
