Resistencia;Condutancia;VG;Coef. Linear
9931.36297384153;0.00010069111386160445;0.18679939144999996;0.015536974243354425
