Resistencia;Condutancia;VG;Coef. Linear
9856.82721639664;0.0001014525240268511;0.20645750499999996;0.01487009825885697
