Resistencia;Condutancia;VG;Coef. Linear RES
10.134079061035877;0.09867694873674913;-0.0029522882125;0.0014643440876253736
