Resistencia;Condutancia;VG;Coef. Linear
9880.826084987726;0.00010120611286938183;0.0010452886330000002;0.0146398390145858
