Resistencia;Condutancia;VG;Coef. Linear
9835.925857269804;0.00010166811081245522;0.5399949850000001;0.01530133332478522
