Resistencia;Condutancia;VG;Coef. Linear RES
7591.51411192002;0.00013172602793819788;0.6686474215000002;0.007937349032763922
