Resistencia;Condutancia;VG;Coef. Linear
9843.580360200052;0.00010158905229678816;0.5240926934999999;0.015149123493042278
