Resistencia;Condutancia;VG;Coef. Linear
9870.993486106885;0.00010130692532696621;0.07943897825;0.014244598670803969
