Resistencia;Condutancia;VG;Coef. Linear RES
4729.514059827775;0.00021143821275296408;0.8439036089999999;0.0015343780145121316
