;labels;valores
0;Resistencia;[948.61853285]
1;Condutancia;[0.00105416]
2;Coef. Linear;-0.005565382959728606
