Resistencia;Condutancia;VG;Coef. Linear RES
4972.6830223943725;0.0002010986816365574;0.19566128800000002;0.0010706668965661857
