;labels;valores
0;Resistencia;[3101.23959116]
1;Condutancia;[0.00032245]
2;Coef. Linear;-0.002696818747040341
