Resistencia;Condutancia;VG;Coef. Linear RES
6138.956650578744;0.00016289412955957687;0.19578585599999998;0.0016141775425329088
