;labels;valores
0;Resistencia;[3091.56134978]
1;Condutancia;[0.00032346]
2;Coef. Linear;-0.002594216724579027
