Resistencia;Condutancia;VG;Coef. Linear
9878.07513293464;0.00010123429783054442;-0.13754732600000003;0.015115024604380231
