;labels;valores
0;Resistencia;[919.08564675]
1;Condutancia;[0.00108804]
2;Coef. Linear;0.003978316477544257
