Resistencia;Condutancia;VG;Coef. Linear
9861.611821406314;0.00010140330182428486;0.1658865745;0.014575374124063166
