Resistencia;Condutancia;VG;Coef. Linear RES
4.091439372751879;0.24441276257441047;0.28641850199999996;0.1437498713829442
