Resistencia;Condutancia;VG;Coef. Linear RES
0.5426397179750856;1.8428433578942582;-0.1991184225;-0.09580411269602862
