Resistencia;Condutancia;VG;Coef. Linear
9895.207006822577;0.00010105902780108764;0.19022642299999998;0.014823847037707292
