Resistencia;Condutancia;VG;Coef. Linear
9853.488855726837;0.00010148689612804515;0.6647225120000001;0.014300936317913423
