Resistencia;Condutancia;VG;Coef. Linear
9841.728877245809;0.00010160816381682812;0.6192031895000002;0.015366102174390238
