;labels;valores
0;Resistencia;[2715.24712508]
1;Condutancia;[0.00036829]
2;Coef. Linear;-0.004103715574998608
