;labels;valores
0;Resistencia;[2807.17257933]
1;Condutancia;[0.00035623]
2;Coef. Linear;-0.003902276597351847
