Resistencia;Condutancia;VG;Coef. Linear
9848.814950769278;0.00010153505827844713;0.345422695;0.014954410073700934
