;labels;valores
0;Resistencia;[2954.67001646]
1;Condutancia;[0.00033845]
2;Coef. Linear;-0.0023483208376581166
