Resistencia;Condutancia;VG;Coef. Linear
9867.428655078367;0.00010134352473735297;-0.15793889100000003;0.015182788176715558
