Resistencia;Condutancia;VG;Coef. Linear
9908.88021797766;0.00010091957698567213;-0.17477895200000004;0.015512937595632723
