;labels;valores
0;Resistencia;[1091.93440998]
1;Condutancia;[0.00091581]
2;Coef. Linear;-0.0005852058638491404
PASS
