Resistencia;Condutancia;VG;Coef. Linear
9858.364919675894;0.00010143669950826655;0.30233459349999997;0.014459785738402748
