Resistencia;Condutancia;VG;Coef. Linear
9856.196370699116;0.00010145901749409529;0.5400217600000001;0.014793464704245023
