Resistencia;Condutancia;VG;Coef. Linear
9854.543342310193;0.00010147603651064472;0.26749993200000005;0.01468375732062351
