Resistencia;Condutancia;VG;Coef. Linear RES
30.475595502833038;0.032813140596614075;0.190109963;0.09733628970782429
