Resistencia;Condutancia;VG;Coef. Linear
9878.764827384097;0.00010122723007111008;0.3651880175;0.014403297227324302
