Resistencia;Condutancia;VG;Coef. Linear RES
4.648312728317083;0.2151318249110251;0.1899890535;0.0958523418759342
