;labels;valores
0;Resistencia;[1133.71963126]
1;Condutancia;[0.00088205]
2;Coef. Linear;-0.006368855487671563
