Resistencia;Condutancia;VG;Coef. Linear
9838.45245477235;0.00010164200158480501;-0.17470031600000005;0.014104256464186497
