Resistencia;Condutancia;VG;Coef. Linear
9871.993874460728;0.00010129665928856003;-0.074600332;0.014890552194855872
