Resistencia;Condutancia;VG;Coef. Linear RES
4971.566788453077;0.00020114383303118695;0.1949982475;0.000995150074430684
