Resistencia;Condutancia;VG;Coef. Linear
9875.29885686288;0.00010126275817010295;0.07978238115000001;0.015073862193423453
