Resistencia;Condutancia;VG;Coef. Linear
9842.517123786281;0.00010160002643869557;0.06353293310000002;0.014017968886782783
