;labels;valores
0;Resistencia;[1174.46432504]
1;Condutancia;[0.00085145]
2;Coef. Linear;-0.002489692687708365
