Resistencia;Condutancia;VG;Coef. Linear
9824.360144187827;0.00010178779944173854;0.4621811669999999;0.0144639834204269
