;labels;valores
0;Resistencia;[1964.95179849]
1;Condutancia;[0.00050892]
2;Coef. Linear;-0.0031545918279692617
