Resistencia;Condutancia;VG;Coef. Linear
9886.132644151949;0.00010115178867153283;0.1431762635;0.014875006087088674
