Resistencia;Condutancia;VG;Coef. Linear RES
2584.094381320301;0.0003869827693712434;-0.0858959704;-0.0008017096952274873
