;labels;valores
0;Resistencia;[1102.14693763]
1;Condutancia;[0.00090732]
2;Coef. Linear;-0.022266220587947166
