Resistencia;Condutancia;VG;Coef. Linear
9830.733921453802;0.00010172180510528115;0.2404101615;0.01474930617384316
