Resistencia;Condutancia;VG;Coef. Linear
9908.21843243155;0.00010092631756348883;0.16477007049999998;0.01591834448198819
