Resistencia;Condutancia;VG;Coef. Linear
9863.780687214998;0.00010138100508420229;0.22242132700000003;0.015111099966130982
