Resistencia;Condutancia;VG;Coef. Linear
9861.030790017729;0.0001014092767068829;0.5997468680000001;0.015909759426693586
