Resistencia;Condutancia;VG;Coef. Linear
9884.421660385196;0.00010116929794767881;0.219709772145;0.01580358316554093
