Resistencia;Condutancia;VG;Coef. Linear
9865.009903888154;0.00010136837263649011;0.16543121346499998;0.015320094592810345
