Resistencia;Condutancia;VG;Coef. Linear RES
24.21255980833728;0.04130087887921966;0.09025875404999999;0.04820416911892815
