Resistencia;Condutancia;VG;Coef. Linear
9856.171863557209;0.00010145926976958051;0.35874392906;0.016103822460253797
