Resistencia;Condutancia;VG;Coef. Linear
9848.54198333017;0.00010153787247824288;-0.13945493849999996;0.015782182635046486
