Resistencia;Condutancia;VG;Coef. Linear
9880.527074551172;0.00010120917562947173;0.7827644695;0.014988191117826111
