Resistencia;Condutancia;VG;Coef. Linear
9836.892432466486;0.00010165812088170427;-0.19154256749999998;0.014566862281188121
