;labels;valores
0;Resistencia;[2475.28354701]
1;Condutancia;[0.00040399]
2;Coef. Linear;-0.002184617646176497
