;labels;valores
0;Resistencia;[1433.93508668]
1;Condutancia;[0.00069738]
2;Coef. Linear;-0.002921422049833443
