Resistencia;Condutancia;VG;Coef. Linear RES
6097.023912728775;0.00016401444611563635;-0.00388878403;0.0017660787743278565
