Resistencia;Condutancia;VG;Coef. Linear RES
7678.814235553685;0.00013022844013726743;0.3334873315;-0.01432078990691856
