Resistencia;Condutancia;VG;Coef. Linear
9848.940222911404;0.00010153376681825308;0.126984051;0.014670790325568195
