;labels;valores
0;Resistencia;[1855.12944574]
1;Condutancia;[0.00053905]
2;Coef. Linear;-0.002274314855735939
