Resistencia;Condutancia;VG;Coef. Linear
9857.34774029954;0.00010144716675782126;0.1269870775;0.015081085246377447
