Resistencia;Condutancia;VG;Coef. Linear
9884.726250553105;0.00010116618049427969;0.5240925419999999;0.015174432942911976
