Resistencia;Condutancia;VG;Coef. Linear
9865.894199017346;0.00010135928683480115;0.6647932129999999;0.014654266260670014
