Resistencia;Condutancia;VG;Coef. Linear
9856.148009303874;0.0001014595153254632;0.7635163725;0.014049893505251841
