Resistencia;Condutancia;VG;Coef. Linear
9906.696295601256;0.00010094182461654923;-0.15835325799999997;0.015123658704369826
