;labels;valores
0;Resistencia;[2061.2263916]
1;Condutancia;[0.00048515]
2;Coef. Linear;-0.0026038205445506374
