Resistencia;Condutancia;VG;Coef. Linear
9875.568531718307;0.00010125999296022344;-0.17471258;0.01484952004604645
