Resistencia;Condutancia;VG;Coef. Linear
9940.813688133216;0.00010059538699470284;0.579950558;0.015310522360136218
