;labels;valores
0;Resistencia;[1720.08418132]
1;Condutancia;[0.00058137]
2;Coef. Linear;-0.0032567157556445264
