;labels;valores
0;Resistencia;[2558.32852629]
1;Condutancia;[0.00039088]
2;Coef. Linear;-0.0020547704689237467
