Resistencia;Condutancia;VG;Coef. Linear RES
9201.547770714451;0.00010867736873384241;0.40848242749999997;-0.015074100008467697
