Resistencia;Condutancia;VG;Coef. Linear
9814.24230393568;0.00010189273598828742;0.381198406;0.014305094123132371
