Resistencia;Condutancia;VG;Coef. Linear
9898.258390689822;0.00010102787384703833;-0.13245376825;0.014855124692040608
