Resistencia;Condutancia;VG;Coef. Linear
9876.556745129416;0.00010124986124269938;0.3994351605;0.015130888647858932
