;labels;valores
0;Resistencia;[993.08765146]
1;Condutancia;[0.00100696]
2;Coef. Linear;0.000712867879901074
