Resistencia;Condutancia;VG;Coef. Linear
9855.59829965348;0.00010146517437050571;0.6829594080000001;0.014604186408983949
