Resistencia;Condutancia;VG;Coef. Linear RES
9284.90920080277;0.00010770164558136341;0.5437535899999999;0.004244896598563044
