Resistencia;Condutancia;VG;Coef. Linear RES
4493.406278316691;0.00022254831592361988;0.19111740299999996;-0.003987644390780724
