;labels;valores
0;Resistencia;[2621.65937615]
1;Condutancia;[0.00038144]
2;Coef. Linear;-0.0033607750260565513
