Resistencia;Condutancia;VG;Coef. Linear
9826.87640417213;0.00010176173576126762;0.6828523335;0.013842709374809269
