;labels;valores
0;Resistencia;[1303.12327978]
1;Condutancia;[0.00076739]
2;Coef. Linear;0.0004164503156810428
