;labels;valores
0;Resistencia;[1513.60308674]
1;Condutancia;[0.00066068]
2;Coef. Linear;-0.002770247067601945
