Resistencia;Condutancia;VG;Coef. Linear
9887.035092621001;0.00010114255594645666;0.44452565549999995;0.015178370054158834
