;labels;valores
0;Resistencia;[1403.76495822]
1;Condutancia;[0.00071237]
2;Coef. Linear;-0.002622747126626177
