Resistencia;Condutancia;VG;Coef. Linear
9899.916242955653;0.0001010109555938472;0.016462838750000004;0.015668219665273143
