Resistencia;Condutancia;VG;Coef. Linear RES
5685.471974833491;0.0001758868928431024;-0.0034998293300000003;0.001620255794559738
