;labels;valores
0;Resistencia;[1001.85080088]
1;Condutancia;[0.00099815]
2;Coef. Linear;-0.0006315866956959396
