Resistencia;Condutancia;VG;Coef. Linear RES
6785.029565833385;0.0001473832929241146;0.709339141;0.0061095755781874735
