Resistencia;Condutancia;VG;Coef. Linear RES
37.540361196295926;0.02663799622947339;0.19089530300000002;0.09710306697245774
