;labels;valores
0;Resistencia;[1642.76466536]
1;Condutancia;[0.00060873]
2;Coef. Linear;-0.00279913326445966
