;labels;valores
0;Resistencia;[1686.54633969]
1;Condutancia;[0.00059293]
2;Coef. Linear;-0.0027975790114938576
