Resistencia;Condutancia;VG;Coef. Linear RES
9399.429232117212;0.00010638943868879483;0.5254773575000001;0.0018804285074355562
