Resistencia;Condutancia;VG;Coef. Linear RES
29.155385867154088;0.03429898011147852;-0.106621059;-0.04945618410162078
