Resistencia;Condutancia;VG;Coef. Linear
9874.341181787799;0.00010127257926274582;0.10139706655000001;0.016175855102889856
