Resistencia;Condutancia;VG;Coef. Linear
9881.482350003533;0.0001011993914050398;0.2661000005;0.014439656731809076
