;labels;valores
0;Resistencia;[1908.80653521]
1;Condutancia;[0.00052389]
2;Coef. Linear;-0.0035467548910140777
