;labels;valores
0;Resistencia;[1632.54791179]
1;Condutancia;[0.00061254]
2;Coef. Linear;-0.0032955821865199835
