Resistencia;Condutancia;VG;Coef. Linear
9868.92149935169;0.00010132819478457621;0.7892050945;0.014530855185249372
