Resistencia;Condutancia;VG;Coef. Linear RES
0.4068719202193903;2.457775900241009;-0.19914259249999997;-0.09580543952143353
