Resistencia;Condutancia;VG;Coef. Linear RES
5325.591620091293;0.00018777256525404732;0.195896574;0.0015539159848687383
