Resistencia;Condutancia;VG;Coef. Linear
9882.249864177382;0.00010119153165970288;0.6421029325;0.015137118244736148
