;labels;valores
0;Resistencia;[3059.45406369]
1;Condutancia;[0.00032686]
2;Coef. Linear;-0.0021646485621787804
