Resistencia;Condutancia;VG;Coef. Linear RES
0.687467396868419;1.4546144363430804;-0.198960935;-0.09580366099356914
