;labels;valores
0;Resistencia;[1334.47397455]
1;Condutancia;[0.00074936]
2;Coef. Linear;-0.005740832417069769
