Resistencia;Condutancia;VG;Coef. Linear
9892.684565926258;0.0001010847958747555;0.573082962;0.016049074345063533
