Resistencia;Condutancia;VG;Coef. Linear
9863.200049246474;0.00010138697329538578;0.39818107350000004;0.015104654245642533
