Resistencia;Condutancia;VG;Coef. Linear RES
4251.298071592405;0.00023522227403486456;0.1735496035;-0.0034395938418283157
