Resistencia;Condutancia;VG;Coef. Linear
9849.097532071026;0.0001015321451273845;0.3993719675;0.015593265248019983
