Resistencia;Condutancia;VG;Coef. Linear
9875.152198867685;0.00010126426204495998;0.6564982688;0.016030518210546865
