Resistencia;Condutancia;VG;Coef. Linear RES
9.431330500840447;0.10602957874404759;-0.20364810299999997;0.0014937814759732426
