Resistencia;Condutancia;VG;Coef. Linear
9875.003075996141;0.00010126579124119665;0.507530708;0.016537447911084566
