;labels;valores
0;Resistencia;[2371.93144272]
1;Condutancia;[0.0004216]
2;Coef. Linear;-0.002788221574336158
