Resistencia;Condutancia;VG;Coef. Linear
9915.595675455977;0.0001008512279776892;0.14302817050000002;0.0159960920247738
