Resistencia;Condutancia;VG;Coef. Linear RES
3008.7422494215407;0.00033236479468863096;0.19605722750000001;0.001717153649957232
