;labels;valores
0;Resistencia;[1466.45642939]
1;Condutancia;[0.00068192]
2;Coef. Linear;-0.00299502630743368
