;labels;valores
0;Resistencia;[2249.23926262]
1;Condutancia;[0.00044459]
2;Coef. Linear;-0.0040036285084270925
