Resistencia;Condutancia;VG;Coef. Linear RES
6128.053886605085;0.00016318394363108247;-0.0036641935110000006;0.0015194416364140576
