;labels;valores
0;Resistencia;[3151.93868379]
1;Condutancia;[0.00031727]
2;Coef. Linear;-0.0030050767078561953
