Resistencia;Condutancia;VG;Coef. Linear RES
37.87074175279491;0.02640560901942721;-0.003993214699999999;0.0011787263151871604
