Resistencia;Condutancia;VG;Coef. Linear
9851.049222562788;0.00010151202957240388;-0.0761747134;0.014705164653382516
