;labels;valores
0;Resistencia;[2752.7975611]
1;Condutancia;[0.00036327]
2;Coef. Linear;-0.0023468897699518683
