;labels;valores
0;Resistencia;[10029.1434533]
1;Condutancia;[9.97094123e-05]
2;Coef. Linear;0.0016404004117369054
