Resistencia;Condutancia;VG;Coef. Linear
9857.722666238093;0.00010144330834391594;0.4645707305;0.014991154567498732
