Resistencia;Condutancia;VG;Coef. Linear RES
3987.624934190777;0.00025077584188667773;-0.20367693949999996;0.0013857382994303194
