;labels;valores
0;Resistencia;[9941.60282897]
1;Condutancia;[0.00010059]
2;Coef. Linear;0.0011751316533490422
