Resistencia;Condutancia;VG;Coef. Linear
9831.297427373764;0.0001017159746602367;-0.09530357869999999;0.015322469118024477
