Resistencia;Condutancia;VG;Coef. Linear
9869.266152944683;0.00010132465621079952;0.6443541405000001;0.014541698566978827
