;labels;valores
0;Resistencia;[2940.80764695]
1;Condutancia;[0.00034004]
2;Coef. Linear;-0.0025038516275338076
