Resistencia;Condutancia;VG;Coef. Linear
9880.07108033936;0.00010121384672929419;0.238634441;0.015372704217512547
