;labels;valores
0;Resistencia;[1619.0418182]
1;Condutancia;[0.00061765]
2;Coef. Linear;-0.002329932473718238
