;labels;valores
0;Resistencia;[2280.01051251]
1;Condutancia;[0.00043859]
2;Coef. Linear;-0.002454767969418615
