Resistencia;Condutancia;VG;Coef. Linear
9836.380011972295;0.00010166341670236973;-0.17475381350000002;0.014855103063829356
