Resistencia;Condutancia;VG;Coef. Linear
9876.877230136306;0.00010124657588623277;0.3018465535;0.01573555815231301
