Resistencia;Condutancia;VG;Coef. Linear RES
5713.021244497905;0.00017503873295816636;0.7648267765000001;0.0034191917597156144
