;labels;valores
0;Resistencia;[2766.61857486]
1;Condutancia;[0.00036145]
2;Coef. Linear;-0.0019362389062881516
