;labels;valores
0;Resistencia;[1130.86886688]
1;Condutancia;[0.00088428]
2;Coef. Linear;-0.0026132730191449805
