Resistencia;Condutancia;VG;Coef. Linear RES
3676.071115470375;0.0002720295578046901;0.111543339;-0.0022737138329668783
