;labels;valores
0;Resistencia;[2646.54110715]
1;Condutancia;[0.00037785]
2;Coef. Linear;-0.0020903254970135853
