Resistencia;Condutancia;VG;Coef. Linear
9873.463106348905;0.00010128158572415922;0.6990335575000002;0.014668078765525108
