Resistencia;Condutancia;VG;Coef. Linear
9845.008845545486;0.00010157431198779107;0.7693263548;0.016050088985518057
