;labels;valores
0;Resistencia;[2857.68050301]
1;Condutancia;[0.00034993]
2;Coef. Linear;-0.003475526133551084
