;labels;valores
0;Resistencia;[1283.60372017]
1;Condutancia;[0.00077906]
2;Coef. Linear;-0.002702116963998623
