;labels;valores
0;Resistencia;[837.30699704]
1;Condutancia;[0.00119431]
2;Coef. Linear;-0.004568565215762286
