Resistencia;Condutancia;VG;Coef. Linear
9883.9420126936;0.00010117420748884757;0.507479672;0.015173829146673158
