Resistencia;Condutancia;VG;Coef. Linear RES
4973.341312510512;0.0002010720634605322;-0.003982689219999999;0.00104482619231116
