Resistencia;Condutancia;VG;Coef. Linear
9864.90652840632;0.00010136943488724069;0.5240769289999999;0.014678068517207684
