;labels;valores
0;Resistencia;[2149.88283328]
1;Condutancia;[0.00046514]
2;Coef. Linear;-0.003357510226760347
