Resistencia;Condutancia;VG;Coef. Linear RES
7171.216174556684;0.00013944636107163772;0.6848269665000001;0.007028393594355436
