Resistencia;Condutancia;VG;Coef. Linear RES
5466.875102715544;0.00018291985480028126;-0.20368314799999993;0.001460318366084244
