Resistencia;Condutancia;VG;Coef. Linear
9829.738305876564;0.00010173210810730991;0.4893201465;0.015573252681956844
