Resistencia;Condutancia;VG;Coef. Linear RES
8223.418155038085;0.00012160393417271976;0.34840054200000004;-0.015985418440728223
