;labels;valores
0;Resistencia;[1848.96418779]
1;Condutancia;[0.00054084]
2;Coef. Linear;-0.002330793627464876
