Resistencia;Condutancia;VG;Coef. Linear RES
2822.527897923029;0.00035429233515667105;-0.0268108389;-0.0010562644058773492
