Resistencia;Condutancia;VG;Coef. Linear RES
0.4297058884520675;2.327173136031035;-0.19932980449999999;-0.09580522247705647
