;labels;valores
0;Resistencia;[2575.60508554]
1;Condutancia;[0.00038826]
2;Coef. Linear;-0.0021630802850141993
