;labels;valores
0;Resistencia;[2389.42203928]
1;Condutancia;[0.00041851]
2;Coef. Linear;-0.0023689376946584226
