;labels;valores
0;Resistencia;[1001.2412799]
1;Condutancia;[0.00099876]
2;Coef. Linear;-0.0043861681596560394
