Resistencia;Condutancia;VG;Coef. Linear RES
5921.761035049225;0.00016886868519031475;0.27071034050000004;-0.008112754990806052
