;labels;valores
0;Resistencia;[1399.7214574]
1;Condutancia;[0.00071443]
2;Coef. Linear;-0.000618661384523086
