Resistencia;Condutancia;VG;Coef. Linear
9861.640002694074;0.00010140301204736867;0.7180545075;0.014977104373813232
