Resistencia;Condutancia;VG;Coef. Linear
9825.053563719062;0.00010178061559813741;0.49062878150000006;0.01445278059467514
