Resistencia;Condutancia;VG;Coef. Linear
9871.084836150238;0.00010130598780164105;0.6201742505;0.014520532104338596
