Resistencia;Condutancia;VG;Coef. Linear
9847.821766040908;0.00010154529841801017;0.10309327204999999;0.014761006303609946
