Resistencia;Condutancia;VG;Coef. Linear
9864.698296039704;0.00010137157467871689;0.6630023449999999;0.015397833897553993
