Resistencia;Condutancia;VG;Coef. Linear
9874.71269913012;0.00010126876907396928;-0.01571771165;0.015403654324425095
