;labels;valores
0;Resistencia;[2213.48345946]
1;Condutancia;[0.00045178]
2;Coef. Linear;-0.0024284776108169856
