;labels;valores
0;Resistencia;[2422.36940869]
1;Condutancia;[0.00041282]
2;Coef. Linear;-0.002664657090456935
