Resistencia;Condutancia;VG;Coef. Linear
9854.545951029946;0.00010147600964765761;0.5568013945;0.015504871019448896
