;labels;valores
0;Resistencia;[1214.4512628]
1;Condutancia;[0.00082342]
2;Coef. Linear;-0.0025950979429041087
