Resistencia;Condutancia;VG;Coef. Linear
9905.375733502877;0.00010095528195035628;0.397370534;0.015316298981544763
