Resistencia;Condutancia;VG;Coef. Linear
9895.171518743327;0.00010105939023955379;0.5561522234999999;0.016168126900460995
