Resistencia;Condutancia;VG;Coef. Linear RES
2512.781474612414;0.00039796536630955773;-0.11106764000000001;-0.0007105247350038202
