Resistencia;Condutancia;VG;Coef. Linear
9851.631938824066;0.00010150602521589579;0.20405205798499998;0.015594658992124097
