;labels;valores
0;Resistencia;[3115.16904683]
1;Condutancia;[0.00032101]
2;Coef. Linear;-0.0033367724337098467
