;labels;valores
0;Resistencia;[2787.86451716]
1;Condutancia;[0.0003587]
2;Coef. Linear;-0.0026942839651632154
