;labels;valores
0;Resistencia;[1377.15800239]
1;Condutancia;[0.00072613]
2;Coef. Linear;-0.0028387411542541087
