Resistencia;Condutancia;VG;Coef. Linear RES
4971.345850046049;0.0002011527723404593;-0.20414358650000003;0.0010849188647801232
