;labels;valores
0;Resistencia;[1854.02620188]
1;Condutancia;[0.00053937]
2;Coef. Linear;-0.003147008249664658
