Resistencia;Condutancia;VG;Coef. Linear
9868.189184614866;0.0001013357143131248;0.1429594475;0.01553427317222207
