;labels;valores
0;Resistencia;[2275.80311484]
1;Condutancia;[0.00043941]
2;Coef. Linear;-0.002394120982802962
