;labels;valores
0;Resistencia;[1840.23429743]
1;Condutancia;[0.00054341]
2;Coef. Linear;-0.003387554240228509
