;labels;valores
0;Resistencia;[1394.89643074]
1;Condutancia;[0.0007169]
2;Coef. Linear;-0.0025229310060995336
