;labels;valores
0;Resistencia;[2423.13672643]
1;Condutancia;[0.00041269]
2;Coef. Linear;-0.0030156795829508433
