Resistencia;Condutancia;VG;Coef. Linear
9850.139987169081;0.00010152139982808497;0.10778330785;0.014888712522651804
