Resistencia;Condutancia;VG;Coef. Linear RES
6500.006247786015;0.00015384600596970392;0.1957232765;-0.008104534421785789
