;labels;valores
0;Resistencia;[3141.55498542]
1;Condutancia;[0.00031831]
2;Coef. Linear;-0.0029098799309578245
