;labels;valores
0;Resistencia;[2463.49829059]
1;Condutancia;[0.00040593]
2;Coef. Linear;-0.002462504789012038
