Resistencia;Condutancia;VG;Coef. Linear
9884.040655372963;0.00010117319777073157;0.638317732;0.015996355717165647
