Resistencia;Condutancia;VG;Coef. Linear
9879.74048629086;0.00010121723352830989;0.14303173700000002;0.015703412737985895
