Resistencia;Condutancia;VG;Coef. Linear RES
9444.961801345748;0.00010587655313307004;0.446381982;-0.010280425148490582
