;labels;valores
0;Resistencia;[2791.96966723]
1;Condutancia;[0.00035817]
2;Coef. Linear;-0.0037032051195007363
