Resistencia;Condutancia;VG;Coef. Linear
9847.477267096221;0.00010154885082510836;0.000256203097;0.01522614377132011
