Resistencia;Condutancia;VG;Coef. Linear
9843.570906144998;0.00010158914986590231;0.06345495410000002;0.015044281584104008
