Resistencia;Condutancia;VG;Coef. Linear
9860.818778543218;0.00010141145704613936;0.07955921915;0.014899792158933733
