Resistencia;Condutancia;VG;Coef. Linear RES
4770.880080341311;0.0002096049330857336;0.2072131175;-0.004714293656703765
