Resistencia;Condutancia;VG;Coef. Linear
9913.940565250392;0.00010086806486465389;-0.1878279657;0.015351185193379656
