;labels;valores
0;Resistencia;[9940.77655084]
1;Condutancia;[0.0001006]
2;Coef. Linear;0.0012184019918116912
