;labels;valores
0;Resistencia;[1419.04338362]
1;Condutancia;[0.0007047]
2;Coef. Linear;-0.0004574456427225614
