Resistencia;Condutancia;VG;Coef. Linear
9896.092862387688;0.00010104998143264433;0.3166891818255;0.01623346722147884
