Resistencia;Condutancia;VG;Coef. Linear
9806.795627203242;0.00010197010705781228;0.602323747;0.014660062883613711
