;labels;valores
0;Resistencia;[1432.16963452]
1;Condutancia;[0.00069824]
2;Coef. Linear;-0.0025186240656983995
