Resistencia;Condutancia;VG;Coef. Linear
9852.984603149454;0.00010149208998868782;-0.11552866199999999;0.015184262433739323
