;labels;valores
0;Resistencia;[1349.84116418]
1;Condutancia;[0.00074083]
2;Coef. Linear;-0.0028975518739072772
