Resistencia;Condutancia;VG;Coef. Linear
9885.645786999075;0.00010115677028557219;0.265483924;0.015846735473677542
