Resistencia;Condutancia;VG;Coef. Linear RES
0.0029485493759771842;339.1498233495202;-0.19896659349999998;-0.09580846574919398
