Resistencia;Condutancia;VG;Coef. Linear RES
3248.756207759148;0.0003078101082536313;0.05212337189999999;-0.0016678944501736014
