;labels;valores
0;Resistencia;[1716.62793387]
1;Condutancia;[0.00058254]
2;Coef. Linear;-0.00667108984119733
