;labels;valores
0;Resistencia;[2986.70236822]
1;Condutancia;[0.00033482]
2;Coef. Linear;-0.0035249217947762317
