;labels;valores
0;Resistencia;[1216.33093099]
1;Condutancia;[0.00082214]
2;Coef. Linear;-0.0006243639187494029
