Resistencia;Condutancia;VG;Coef. Linear
9858.110712970936;0.00010143931521120341;-0.15528848195;0.01501609266926301
