Resistencia;Condutancia;VG;Coef. Linear RES
5042.626342474772;0.00019830935946549424;-0.0035871822999999996;0.001574340003671666
