Resistencia;Condutancia;VG;Coef. Linear RES
11.416463043734687;0.08759280314482307;0.18891820249999997;0.09767712863751507
