Resistencia;Condutancia;VG;Coef. Linear RES
5077.343011687386;0.00019695340608230123;-0.20368563549999993;0.0015133608760613635
