Resistencia;Condutancia;VG;Coef. Linear
9891.630681009427;0.00010109556576145355;-0.15837620249999998;0.01513025977944821
