Resistencia;Condutancia;VG;Coef. Linear
9849.02053520398;0.00010153293887708291;0.5798548644999999;0.015494426742589154
