Resistencia;Condutancia;VG;Coef. Linear
9824.999554607726;0.00010178117509746046;-0.21978428349999998;0.014854995321879274
