Resistencia;Condutancia;VG;Coef. Linear
9846.051608281177;0.00010156355458861643;0.126993154;0.014438895717246825
