Resistencia;Condutancia;VG;Coef. Linear
9842.800437433165;0.00010159710199923376;-0.19286992499999997;0.015774665985927683
