Resistencia;Condutancia;VG;Coef. Linear
9863.933014006774;0.00010137943947713362;0.206391733;0.015924246086134634
