;labels;valores
0;Resistencia;[2995.87612437]
1;Condutancia;[0.00033379]
2;Coef. Linear;-0.0022184240031270083
