Resistencia;Condutancia;VG;Coef. Linear RES
2487.606305480918;0.00040199287073549786;-0.20369307199999995;0.0014377303587591599
