Resistencia;Condutancia;VG;Coef. Linear
9891.354744621154;0.00010109838599649787;0.6633339455;0.01517432351967292
