;labels;valores
0;Resistencia;[1567.27962746]
1;Condutancia;[0.00063805]
2;Coef. Linear;-0.003107100901245609
