;labels;valores
0;Resistencia;[1680.9862388]
1;Condutancia;[0.00059489]
2;Coef. Linear;-0.003429305044761621
