Resistencia;Condutancia;VG;Coef. Linear
9878.43752549904;0.00010123058402897395;0.6989505874999999;0.015490348584568969
