Resistencia;Condutancia;VG;Coef. Linear RES
7070.2541860982765;0.00014143763062525062;0.308502112;-0.012211415206964131
