Resistencia;Condutancia;VG;Coef. Linear
9876.237884491607;0.00010125313015903286;-0.09519678399999999;0.014802955635601594
