;labels;valores
0;Resistencia;[1898.5805599]
1;Condutancia;[0.00052671]
2;Coef. Linear;-0.0037305215779427064
