Resistencia;Condutancia;VG;Coef. Linear RES
6455.668822796412;0.00015490261775337298;0.2868990755;-0.010011716114578132
