Resistencia;Condutancia;VG;Coef. Linear
9891.96498825966;0.00010109214915204979;0.36487611499999995;0.015778142429002568
