Resistencia;Condutancia;VG;Coef. Linear
9872.449836485279;0.00010129198087229917;0.7623260874999999;0.015378371291607906
