;labels;valores
0;Resistencia;[10028.66492936]
1;Condutancia;[9.971417e-05]
2;Coef. Linear;0.0016358637919534182
