;labels;valores
0;Resistencia;[2209.84317775]
1;Condutancia;[0.00045252]
2;Coef. Linear;-0.0033714205150275076
