Resistencia;Condutancia;VG;Coef. Linear
9888.192737598767;0.00010113071483706116;-0.07465209834999999;0.015152074430429105
