;labels;valores
0;Resistencia;[3045.62707312]
1;Condutancia;[0.00032834]
2;Coef. Linear;-0.003338280381501313
