Resistencia;Condutancia;VG;Coef. Linear
9851.832197511574;0.000101503961897827;0.556772313;0.015129672157028366
