Resistencia;Condutancia;VG;Coef. Linear
9873.402567448475;0.00010128220673356218;0.6656894769999999;0.014504616486405655
