;labels;valores
0;Resistencia;[2055.33893156]
1;Condutancia;[0.00048654]
2;Coef. Linear;-0.0037940759985311814
