Resistencia;Condutancia;VG;Coef. Linear RES
4875.273147884691;0.00020511671237003105;-0.20367442899999996;0.001537371864531683
