;labels;valores
0;Resistencia;[1669.46445163]
1;Condutancia;[0.00059899]
2;Coef. Linear;-0.0032076108154711755
