;labels;valores
0;Resistencia;[2357.40613698]
1;Condutancia;[0.0004242]
2;Coef. Linear;-0.002352000383983044
