Resistencia;Condutancia;VG;Coef. Linear RES
4039.692581915667;0.000247543588954432;0.156837281;-0.0030231408426273413
