Resistencia;Condutancia;VG;Coef. Linear
9888.29577645532;0.00010112966102622715;-0.17327062347500002;0.015305581958364097
