Resistencia;Condutancia;VG;Coef. Linear
9845.400507090648;0.00010157027124288149;0.285811358;0.015617934467051535
