Resistencia;Condutancia;VG;Coef. Linear
9872.296187559577;0.0001012935573448591;0.5817658065000001;0.014853152823174573
