;labels;valores
0;Resistencia;[1209.02234094]
1;Condutancia;[0.00082711]
2;Coef. Linear;-0.0040312898877763225
