Resistencia;Condutancia;VG;Coef. Linear RES
69871.43616879657;1.431200007946285e-05;0.19494667650000003;0.003488405299729832
