Resistencia;Condutancia;VG;Coef. Linear
9872.026854330736;0.00010129632088280964;0.3251512975;0.014349181537262322
