;labels;valores
0;Resistencia;[1910.25494452]
1;Condutancia;[0.00052349]
2;Coef. Linear;-0.002524116670790605
