Resistencia;Condutancia;VG;Coef. Linear
9836.476675881186;0.00010166241764716191;0.5827637489999999;0.014311528243516858
