;labels;valores
0;Resistencia;[1636.63356967]
1;Condutancia;[0.00061101]
2;Coef. Linear;-0.0021646318291056394
