;labels;valores
0;Resistencia;[1459.21516593]
1;Condutancia;[0.0006853]
2;Coef. Linear;-0.0026416422555663637
