Resistencia;Condutancia;VG;Coef. Linear
9853.382303837454;0.0001014879935806961;-0.21794842;0.01529440976471139
