;labels;valores
0;Resistencia;[1595.35396663]
1;Condutancia;[0.00062682]
2;Coef. Linear;-0.0023649510590766937
