Resistencia;Condutancia;VG;Coef. Linear
9864.903051286266;0.00010136947061731253;0.2223535005;0.014611984806656424
