;labels;valores
0;Resistencia;[2328.94867422]
1;Condutancia;[0.00042938]
2;Coef. Linear;0.0008574423030588546
