;labels;valores
0;Resistencia;[10029.23340738]
1;Condutancia;[9.9708518e-05]
2;Coef. Linear;0.001619036999221009
FAIL
