Resistencia;Condutancia;VG;Coef. Linear
9932.08474440764;0.00010068379657785944;-0.048435223199999995;0.01570172198984829
