Resistencia;Condutancia;VG;Coef. Linear
9904.888005388826;0.00010096025310492585;0.1058823602;0.014603006822482643
