Resistencia;Condutancia;VG;Coef. Linear
9822.295371923774;0.00010180919654059864;0.08064166034999999;0.0140772949797574
