Resistencia;Condutancia;VG;Coef. Linear
9883.115692843525;0.00010118266658803875;0.26588753099999995;0.014904678440543082
