Resistencia;Condutancia;VG;Coef. Linear
9890.457227290104;0.0001011075602491626;-0.09524540295;0.015397290476027151
