Resistencia;Condutancia;VG;Coef. Linear
9853.982968315651;0.00010148180722611202;0.043790241449999996;0.015152445578977502
