Resistencia;Condutancia;VG;Coef. Linear RES
8654.464056579127;0.00011554730523605325;0.36635854599999995;-0.016573902103474637
