Resistencia;Condutancia;VG;Coef. Linear
9927.347138420768;0.00010073184568411083;0.6826979565;0.015735486575677228
