Resistencia;Condutancia;VG;Coef. Linear
9888.855628615946;0.0001011239356257;0.6426431760000001;0.014896391131529027
