;labels;valores
0;Resistencia;[1609.42103798]
1;Condutancia;[0.00062134]
2;Coef. Linear;0.0010410442088992639
