Resistencia;Condutancia;VG;Coef. Linear
9856.273303461167;0.00010145822555963787;0.24010706350000002;0.014218011105366956
