Resistencia;Condutancia;VG;Coef. Linear
9840.275340759892;0.0001016231726624407;0.6805426115000001;0.016192223334910216
