Resistencia;Condutancia;VG;Coef. Linear
9816.192442343012;0.00010187249342081068;0.34582952550000007;0.01531215590419645
