Resistencia;Condutancia;VG;Coef. Linear
9880.752323962104;0.00010120686838540325;0.0008231783359999999;0.014740344837546555
