Resistencia;Condutancia;VG;Coef. Linear
9906.552933717929;0.00010094328538803861;0.53421933585;0.016670829317410107
