Resistencia;Condutancia;VG;Coef. Linear RES
-0.00029218295433951886;-3422.513138251016;-0.19895003349999998;-0.09580850204111686
