Resistencia;Condutancia;VG;Coef. Linear
9861.650501826876;0.00010140290408940668;0.716904351;0.01566325900868574
