;labels;valores
0;Resistencia;[993.12467902]
1;Condutancia;[0.00100692]
2;Coef. Linear;0.0007040358764936816
