Resistencia;Condutancia;VG;Coef. Linear
9901.560018442753;0.00010099418658649639;-0.07868355580000001;0.01538271781027647
