Resistencia;Condutancia;VG;Coef. Linear
9900.325935088835;0.00010100677559066919;-0.015662830445;0.015745752124979567
