Resistencia;Condutancia;VG;Coef. Linear
9837.102637177972;0.0001016559485941153;0.22241409400000003;0.01500137859932395
