;labels;valores
0;Resistencia;[2476.47926361]
1;Condutancia;[0.0004038]
2;Coef. Linear;-0.009830408456968746
