Resistencia;Condutancia;VG;Coef. Linear
9854.574540863901;0.00010147571524811207;0.7448608535000001;0.014992034344075313
