Resistencia;Condutancia;VG;Coef. Linear
9879.86093497752;0.0001012159995551876;0.43717398621799997;0.015880683972770197
