;labels;valores
0;Resistencia;[1255.47171586]
1;Condutancia;[0.00079651]
2;Coef. Linear;-0.0026368918907824965
