Resistencia;Condutancia;VG;Coef. Linear
9847.692426625124;0.00010154663211213911;0.723784346;0.014675073171666246
