;labels;valores
0;Resistencia;[1240.56847728]
1;Condutancia;[0.00080608]
2;Coef. Linear;-0.002696806619147155
