Resistencia;Condutancia;VG;Coef. Linear
9865.071015095395;0.00010136774468929964;0.0005505848999999999;0.014886862844283134
