Resistencia;Condutancia;VG;Coef. Linear
9852.104823376552;0.00010150115309646858;-0.09461691965;0.015544787616669272
