Resistencia;Condutancia;VG;Coef. Linear
9882.521648630884;0.00010118874873788302;-0.049848202450000004;0.014673271538787955
