Resistencia;Condutancia;VG;Coef. Linear
9867.83671521193;0.000101339333924976;0.59480747365;0.01650981956980768
