Resistencia;Condutancia;VG;Coef. Linear
9806.066917243383;0.00010197768467616306;0.44476492199999995;0.014435590664948652
