;labels;valores
0;Resistencia;[1017.82162926]
1;Condutancia;[0.00098249]
2;Coef. Linear;-0.005934869304728409
