Resistencia;Condutancia;VG;Coef. Linear
9879.285493779145;0.00010122189510867833;0.16534345599999997;0.014120551242268858
