Resistencia;Condutancia;VG;Coef. Linear
9905.300342414326;0.00010095605033983847;0.2223525235;0.015450434281427483
