;labels;valores
0;Resistencia;[1011.55255801]
1;Condutancia;[0.00098858]
2;Coef. Linear;0.00018851890038767798
PASS
