;labels;valores
0;Resistencia;[2325.64020951]
1;Condutancia;[0.00042999]
2;Coef. Linear;-0.002433616137540991
