Resistencia;Condutancia;VG;Coef. Linear
9850.960790377985;0.00010151294084702469;0.3210693345;0.014363217318457138
