Resistencia;Condutancia;VG;Coef. Linear
9888.56663208262;0.00010112689100517201;0.07867070622000001;0.01599784103361268
