Resistencia;Condutancia;VG;Coef. Linear
9926.794617290194;0.00010073745237543546;0.46094744949999983;0.01532003767550529
