Resistencia;Condutancia;VG;Coef. Linear RES
10.935603130971643;0.09144443045558372;0.19591910799999998;0.0014576530842207195
