;labels;valores
0;Resistencia;[1219.67214072]
1;Condutancia;[0.00081989]
2;Coef. Linear;-0.0028445790627784732
PASS
